,folds,f1_scores,precision_scores,recall_scores,accuracy_scores,auc_scores
0,0,0.96,0.96,0.96,0.9636363636363636,0.9633333333333334
1,1,0.9622641509433962,0.9622641509433962,0.9622641509433962,0.968,0.9672431865828092
2,2,0.897196261682243,0.8727272727272727,0.9230769230769231,0.912,0.9135932560590095
3,3,0.9514563106796117,0.9607843137254902,0.9423076923076923,0.957983193277311,0.9562284730195177
4,4,1.0,1.0,1.0,1.0,1.0
