,folds,f1_scores,precision_scores,recall_scores,accuracy_scores,auc_scores
0,0,0.9702970297029703,0.9607843137254902,0.98,0.9727272727272728,0.9733333333333333
1,1,0.9532710280373832,0.9444444444444444,0.9622641509433962,0.96,0.9602987421383647
2,2,0.897196261682243,0.8727272727272727,0.9230769230769231,0.912,0.9135932560590095
3,3,0.9523809523809523,0.9433962264150944,0.9615384615384616,0.957983193277311,0.9583811710677382
4,4,1.0,1.0,1.0,1.0,1.0
